1,0,0,1,1,1,1,0,1,1,0,1,1
2,0,0,0,1,1,0,0,0,1,0,1,0
3,0,1,1,0,1,0,1,1,1,1,1,1
4,0,1,0,0,1,1,0,0,1,1,1,0
5,0,1,1,0,0,1,1,0,1,0,0,0
6,0,1,0,1,0,0,0,0,0,0,1,1
7,1,0,0,0,0,1,0,0,0,0,1,1
8,1,0,0,1,0,0,0,0,1,1,0,1
9,0,1,1,0,1,1,0,0,1,0,1,0
10,1,0,1,0,0,1,0,1,0,0,1,0
11,1,1,0,1,0,0,0,0,1,0,0,1
12,0,1,0,0,0,0,1,0,1,0,1,0
13,0,0,1,0,0,1,1,1,1,1,1,1
14,0,1,0,0,1,1,0,1,1,1,0,1
15,1,0,0,0,0,0,0,0,0,0,0,0
16,0,1,1,1,0,1,1,1,1,0,0,0
17,1,0,1,1,0,0,1,0,1,0,1,0
18,0,0,0,0,1,0,0,0,1,1,1,0
19,0,1,1,1,0,1,1,0,1,1,0,1
20,1,0,1,0,0,0,1,0,1,0,1,0
21,1,0,0,0,1,1,1,0,1,1,1,0
22,0,1,1,1,0,1,1,1,0,0,1,1
23,0,1,0,1,0,0,0,1,0,1,0,1
24,0,0,1,1,0,0,0,1,1,0,1,1
25,1,0,0,0,1,0,0,1,0,1,1,0
26,0,1,0,0,0,1,0,1,1,0,0,1
27,0,0,1,0,1,0,0,0,1,1,0,0
28,0,1,1,0,0,1,0,0,0,1,1,1
29,0,1,0,0,1,0,0,1,0,0,1,0
30,1,1,1,1,0,0,1,1,0,1,0,1
31,0,1,1,0,1,1,0,1,0,1,1,0
32,0,0,0,1,0,0,1,0,1,0,1,1
33,0,0,1,0,1,1,1,1,1,0,0,1
34,0,0,0,1,0,1,0,1,1,1,0,0
35,1,0,1,0,1,1,0,0,0,0,0,1
36,0,0,0,1,0,1,1,0,1,1,0,1
37,0,1,0,0,0,0,1,1,1,0,1,0
38,0,0,1,0,1,1,0,0,1,0,0,1
39,1,0,0,1,1,0,1,1,0,1,0,0
40,0,0,1,1,0,1,0,0,0,0,1,1
41,0,0,0,0,1,1,0,0,1,0,0,0
42,1,0,1,1,1,1,1,0,1,0,0,0
43,1,1,0,0,1,1,0,1,0,0,1,1
44,1,1,1,1,1,1,0,0,0,1,1,1
45,1,1,0,1,0,0,0,1,0,1,0,1
46,1,1,1,1,1,1,0,0,1,1,1,1
47,1,1,0,0,1,1,1,0,1,1,0,1
48,1,1,0,1,1,1,1,1,1,1,1,0
49,0,0,1,1,0,1,0,1,1,1,1,0
50,0,0,0,1,1,1,1,0,1,0,0,1
51,1,0,0,1,0,0,1,0,0,1,1,0
52,0,1,0,1,1,0,0,0,1,1,1,0
53,1,1,1,0,0,1,1,1,1,0,1,1
54,0,0,1,1,1,1,0,0,0,1,0,1
55,1,1,0,0,0,0,1,1,1,0,1,1
56,1,0,1,0,1,1,0,0,1,1,1,0
57,0,1,0,1,1,1,0,0,1,1,1,0
58,1,1,1,1,0,1,1,0,1,1,1,1
59,1,1,1,1,1,0,1,1,1,1,0,0
60,1,0,0,1,1,0,1,0,1,0,1,0
61,1,0,1,1,0,0,0,0,0,0,1,1
62,1,1,0,0,1,0,0,0,0,1,0,1
63,1,1,0,1,0,1,1,0,0,1,1,0
64,0,0,1,0,1,1,1,0,1,1,0,1
65,0,0,1,0,1,1,0,1,0,0,0,0
66,1,1,0,0,1,0,0,1,1,0,1,0
67,1,0,1,1,0,1,1,1,0,1,0,1
68,0,0,0,1,0,1,1,0,1,1,1,0
69,0,0,1,0,0,1,1,0,1,0,1,0
70,1,1,1,1,0,0,0,0,1,0,1,1
71,1,1,0,1,1,0,1,1,1,0,0,0
72,0,1,0,0,1,0,0,0,1,0,0,0
73,1,1,0,1,0,1,1,0,0,0,1,0
74,1,0,1,0,0,0,1,1,1,1,1,1
75,0,0,1,1,1,0,1,1,0,1,1,0
76,1,0,1,0,0,0,0,1,0,1,0,0
77,0,1,0,1,1,1,0,1,1,1,0,0
78,0,0,1,0,0,1,1,1,1,0,0,0
79,0,0,0,0,1,0,1,1,0,0,1,0
80,1,1,0,0,1,1,0,1,0,0,1,0
81,0,1,0,1,0,1,1,1,0,1,0,0
82,0,1,0,1,0,0,1,1,0,0,0,0
83,0,0,0,0,0,1,0,0,1,0,1,0
84,0,0,0,1,1,1,1,0,1,0,0,0
85,1,0,0,1,0,0,0,1,0,1,0,0
86,1,0,1,1,1,1,1,0,0,0,1,0
87,1,0,0,0,0,1,0,1,0,1,1,0
88,1,1,1,1,0,0,0,0,1,1,1,0
89,1,0,0,0,1,1,1,0,0,1,0,1
90,1,1,0,1,0,0,1,0,1,0,1,0
91,0,1,0,0,0,0,0,0,0,0,0,0
92,1,0,0,1,0,0,1,0,0,0,0,0
93,0,1,0,1,0,1,0,1,1,1,0,1
94,1,0,1,0,0,1,1,0,0,0,1,1
95,0,1,1,0,0,1,1,0,1,1,1,0
96,0,0,0,1,0,0,1,1,1,1,1,1
97,0,1,1,1,1,0,1,1,1,1,0,0
98,1,0,0,1,0,1,1,1,1,0,0,1
99,1,1,1,1,1,0,0,0,0,0,0,1
100,0,0,1,0,1,0,1,1,0,1,1,1
101,1,0,1,0,1,1,1,0,0,1,0,1
102,1,0,0,1,0,0,1,0,0,1,0,1
103,0,1,1,0,1,0,0,0,0,1,1,0
104,1,1,1,1,1,1,1,1,1,0,1,0
105,0,1,1,1,1,0,1,0,0,0,1,1
106,1,0,0,1,0,0,1,1,0,1,1,1
107,1,1,1,0,0,1,0,0,0,0,0,0
108,0,0,1,0,1,0,1,1,0,1,0,0
109,0,1,1,1,1,0,1,0,1,0,1,0
110,1,1,1,1,0,1,0,0,0,0,1,1
111,1,0,1,0,1,1,1,1,1,0,1,0
112,0,1,0,0,1,0,0,1,0,1,1,1
113,0,1,1,1,1,1,0,1,0,1,1,1
114,1,1,1,1,0,0,1,1,1,0,1,1
115,0,1,1,0,1,1,0,1,0,0,0,1
116,0,0,1,1,0,1,1,0,1,1,1,1
117,1,1,1,0,1,0,1,0,0,1,0,0
118,1,0,0,0,0,1,0,1,0,0,0,0
119,1,1,1,0,1,0,1,0,0,1,1,1
120,0,0,0,0,0,0,1,0,1,1,0,1
121,0,0,1,1,1,0,0,0,1,1,1,1
122,0,0,0,1,1,0,0,1,1,1,0,0
123,1,0,1,0,0,1,0,0,0,0,1,1
124,0,1,1,1,1,0,0,0,0,0,1,1
125,0,0,0,1,0,1,1,1,0,1,0,1
126,1,1,1,1,1,0,1,1,0,1,0,0
127,0,0,0,0,1,1,1,0,1,0,0,1
128,0,0,0,0,0,0,0,0,0,1,0,1
129,1,0,1,1,0,0,1,0,1,0,1,1
130,0,0,0,1,1,0,1,1,1,0,0,0
131,1,1,1,0,1,0,0,1,1,0,1,0
132,0,0,0,1,0,0,1,0,1,0,0,0
133,1,1,1,1,1,1,1,1,0,0,0,1
134,0,0,0,1,0,1,0,1,1,1,1,1
135,0,0,1,0,0,0,0,1,1,1,1,0
136,1,0,0,1,1,1,1,1,0,0,0,0
137,0,0,1,0,1,0,1,0,0,1,1,1
138,1,0,0,1,1,0,1,1,1,0,1,0
139,0,0,1,1,0,1,0,0,0,1,1,1
140,1,1,1,0,1,0,0,0,0,1,0,0
141,1,1,1,0,0,1,0,1,1,0,0,1
142,0,0,1,1,0,1,1,1,1,0,0,1
143,1,0,1,0,0,0,0,0,1,1,0,0
144,0,1,0,1,1,0,0,0,0,1,1,1
145,1,0,0,0,0,1,1,1,0,0,1,0
146,0,1,1,1,0,0,1,1,0,0,0,0
147,0,1,0,0,0,1,0,1,1,1,1,1
148,1,1,0,0,1,0,0,0,1,1,0,1
149,1,0,0,0,0,1,1,1,1,0,1,0
150,0,0,0,1,1,0,1,1,0,1,1,1
151,0,1,1,1,1,0,1,1,1,1,1,1
152,1,0,1,1,0,0,1,0,0,1,1,1
153,0,1,0,0,0,1,1,1,0,0,0,1
154,0,0,1,0,0,0,0,0,0,1,1,1
155,1,0,1,1,1,0,0,0,1,1,0,1
156,0,1,1,1,1,0,1,0,1,0,0,1
157,0,0,0,1,1,0,1,0,1,0,0,1
158,0,1,0,0,1,0,1,1,1,1,1,0
159,0,1,0,0,0,1,0,0,0,0,1,0
160,1,1,1,0,0,1,1,1,1,0,0,1
161,0,0,1,1,0,1,0,0,1,1,1,0
162,0,1,0,1,1,0,1,1,1,0,1,0
163,1,0,1,1,1,0,1,0,1,1,1,1
164,0,1,0,0,1,0,1,0,0,0,0,1
165,0,1,1,1,0,0,0,1,0,1,0,1
166,0,0,0,0,0,1,0,0,0,0,1,1
167,1,0,0,1,1,1,0,0,1,0,0,0
168,0,1,1,1,0,1,0,0,1,1,1,0
169,0,1,1,1,0,1,0,1,1,0,1,1
170,0,1,1,1,0,0,0,1,1,0,0,1
171,1,1,1,1,1,1,1,0,1,0,1,0
172,0,0,1,1,1,1,0,0,1,0,1,1
173,1,1,1,0,1,0,0,1,0,1,1,0
174,1,1,1,0,0,1,0,0,1,1,0,1
175,1,0,0,0,0,0,1,1,0,0,0,1
176,0,1,0,0,0,1,0,1,0,0,1,0
177,1,0,0,0,1,0,0,0,1,1,1,0
178,0,0,1,0,0,0,0,1,1,0,1,1
179,0,0,0,1,1,1,0,1,1,1,1,1
180,0,0,0,1,1,0,1,0,0,0,1,1
181,1,0,1,1,0,0,1,1,0,0,1,0
182,0,0,0,0,1,0,1,0,1,1,0,1
183,1,0,1,1,0,0,0,1,0,1,1,1
184,0,1,1,1,0,0,1,1,0,1,0,0
185,0,0,0,0,1,0,0,0,1,0,1,0
186,0,0,0,0,0,0,0,0,0,0,1,1
187,1,0,0,0,0,0,0,1,0,0,0,1
188,1,1,1,1,0,0,1,1,1,1,1,1
189,1,1,0,0,0,1,0,1,0,0,1,1
190,1,0,0,1,0,0,0,1,1,1,0,1
191,1,0,1,0,0,0,0,0,1,0,1,1
192,1,1,0,1,1,1,0,1,0,0,1,1
193,0,0,0,1,1,1,1,0,1,0,1,1
194,0,0,1,0,0,0,1,0,0,0,0,0
195,0,1,0,1,1,0,0,1,1,0,1,1
196,1,1,0,0,1,1,1,1,0,1,0,1
197,1,1,0,1,0,0,0,1,1,1,0,1
198,1,0,1,0,0,1,0,0,1,0,0,0
199,0,0,1,1,0,1,1,1,0,1,1,0
200,1,0,0,0,1,0,1,0,1,1,1,1
201,1,1,1,0,0,1,1,1,0,0,1,0
202,1,1,0,1,0,1,0,0,1,0,0,1
203,1,1,1,1,0,0,0,1,1,0,1,1
204,0,0,1,1,0,0,0,0,1,0,0,1
205,0,0,1,0,0,1,0,0,1,0,1,1
206,0,1,1,0,1,1,1,1,0,1,0,0
207,0,0,0,0,0,0,0,0,1,1,1,1
208,1,1,1,1,1,1,0,0,1,0,0,1
209,0,0,1,0,1,1,1,1,1,0,1,0
210,0,0,0,0,1,0,1,1,0,1,1,1
211,1,1,0,1,0,0,1,1,0,1,0,1
212,1,1,0,1,1,0,0,1,0,0,1,1
213,0,1,0,1,0,0,0,0,1,1,1,0
214,1,0,0,1,0,0,0,0,1,0,1,1
215,1,1,1,1,1,1,1,1,1,1,0,1
216,1,0,1,1,1,1,0,1,0,1,1,0
217,1,0,0,1,1,1,1,0,0,1,1,0
218,1,1,0,0,0,0,1,1,1,0,0,0
219,1,0,1,0,1,1,1,0,1,0,0,1
220,0,0,1,0,0,0,0,1,0,0,1,0
221,0,1,0,0,0,0,1,1,1,0,0,1
222,1,1,0,0,1,1,1,0,1,0,0,0
223,0,1,0,1,0,0,1,0,1,1,0,1
224,1,1,0,0,0,1,1,0,1,1,0,0
225,0,1,1,0,0,0,0,0,1,1,1,0
226,0,1,1,0,1,0,1,1,1,1,0,0
227,0,1,1,1,1,0,0,0,1,1,0,1
228,1,0,1,1,0,0,1,0,1,0,0,1
229,0,1,0,1,1,1,1,1,0,0,0,0
230,1,0,0,1,1,0,0,0,1,1,1,1
231,0,0,0,0,0,0,1,1,1,1,1,0
232,0,1,1,0,0,1,0,1,1,0,1,0
233,1,1,0,1,1,0,0,1,1,0,0,0
234,0,0,0,0,0,1,0,1,0,1,0,1
235,0,0,0,0,0,0,1,0,0,1,1,1
236,1,0,1,0,1,0,1,1,1,0,0,1
237,0,1,0,0,1,1,1,0,0,0,1,1
238,1,0,0,1,1,0,0,0,1,1,0,0
239,1,1,0,0,0,1,1,1,0,0,1,0
240,0,1,0,1,0,1,1,0,0,0,0,1
241,0,0,0,1,0,1,1,0,1,1,1,1
242,1,0,0,1,0,1,0,0,0,0,1,1
243,0,1,0,1,1,0,1,1,1,1,0,1
244,0,0,0,1,1,1,0,0,1,1,0,1
245,0,1,0,0,0,0,0,1,1,0,0,0
246,0,1,0,1,0,1,0,1,1,0,0,1
247,0,1,0,1,0,0,1,1,1,0,0,0
248,0,1,1,1,1,1,0,0,0,0,1,0
249,1,1,0,1,1,1,0,0,1,1,0,0
250,0,1,0,1,0,1,1,0,1,1,1,1
251,0,0,0,1,1,1,1,1,0,0,0,0
252,0,0,0,0,0,1,1,1,1,1,0,0
253,0,0,0,1,1,0,0,0,0,0,0,1
254,0,1,0,0,0,1,0,0,0,0,1,1
255,0,1,1,0,1,1,1,0,0,1,1,1
256,1,0,0,0,0,1,0,1,0,1,0,1
257,1,0,1,0,0,0,0,1,1,1,0,1
258,0,0,1,1,1,0,0,1,0,1,0,1
259,0,0,1,0,0,0,1,0,1,1,0,0
260,0,1,1,0,0,1,0,1,1,0,0,1
261,0,0,1,1,0,1,0,0,0,1,0,1
262,1,1,0,1,0,1,0,1,1,0,0,0
263,0,0,0,1,0,0,0,1,0,0,0,1
264,1,1,0,0,1,0,0,1,0,1,0,1
265,1,1,1,0,1,0,1,1,1,0,1,1
266,0,1,0,0,1,0,1,1,1,0,0,0
267,0,1,0,1,1,0,0,1,0,1,0,1
268,1,1,0,1,1,1,1,1,0,1,1,0
269,0,0,0,1,1,0,1,1,0,1,1,0
270,1,0,0,0,0,1,0,0,0,0,0,0
271,0,1,1,0,0,0,0,0,1,0,0,1
272,0,1,0,0,0,0,1,1,1,0,1,1
273,0,1,0,0,1,0,0,0,0,1,0,0
274,1,0,0,0,0,0,0,0,0,1,1,1
275,1,0,0,1,0,0,0,0,0,0,1,0
276,1,0,1,1,1,0,0,1,1,1,1,1
277,0,1,0,1,1,1,1,0,1,1,0,1
278,0,1,0,0,1,1,1,0,0,0,0,0
279,0,0,0,1,1,1,1,0,1,1,0,0
280,0,1,1,1,0,1,0,0,1,1,0,0
281,1,0,0,0,0,1,1,1,1,0,0,0
282,1,1,0,0,0,0,0,1,0,0,0,0
283,0,0,0,0,1,1,0,0,0,1,0,1
284,0,1,0,0,1,0,1,0,0,0,0,0
285,0,0,0,0,0,0,1,1,0,0,1,1
286,1,0,0,1,0,0,1,1,0,0,1,0
287,0,1,0,1,0,0,1,0,1,0,0,0
288,0,1,0,0,1,1,1,0,0,1,1,1
289,0,1,1,1,1,1,0,1,0,1,0,0
290,1,1,1,1,1,1,1,0,0,0,1,0
291,1,1,1,0,1,1,1,1,0,0,1,1
292,0,1,1,0,0,1,0,0,1,1,0,0
293,1,0,0,1,1,0,1,1,1,0,0,1
294,0,0,1,1,0,0,1,1,1,0,0,1
295,0,0,0,0,0,1,1,0,0,0,1,1
296,0,1,1,1,1,1,1,0,0,0,1,0
297,1,0,0,0,1,1,1,1,0,0,1,1
298,0,1,1,0,0,1,1,1,1,0,1,0
299,0,1,0,1,0,1,1,1,0,1,1,0
300,0,0,1,0,1,1,1,1,0,1,0,0
301,1,0,1,1,0,1,1,0,1,0,0,0
302,0,0,1,0,0,0,1,0,1,1,1,0
303,1,1,1,0,0,1,0,1,1,0,1,0
304,0,1,1,1,1,1,1,0,1,0,0,0
305,1,1,1,0,0,1,1,0,1,1,0,1
306,1,1,1,0,1,1,0,1,1,0,1,1
307,1,1,1,0,0,1,1,0,1,0,1,0
308,0,1,1,0,1,1,1,1,0,0,1,0
309,0,0,1,0,1,0,0,0,1,1,0,1
310,1,1,1,0,0,0,0,0,0,1,1,0
311,1,0,0,0,1,0,0,0,0,0,0,1
312,0,1,1,0,0,1,1,1,1,1,0,1
313,1,0,1,0,1,1,0,0,1,1,1,1
314,1,0,1,0,1,0,1,1,1,1,1,0
315,1,0,0,1,1,1,0,1,1,0,0,1
316,0,1,0,0,0,1,0,1,1,0,1,0
317,0,0,1,0,0,1,1,0,1,1,0,1
318,0,0,1,1,1,0,1,0,0,1,0,1
319,0,1,0,1,1,1,1,1,1,1,0,1
320,1,0,0,1,1,0,0,0,1,1,0,1
321,0,0,1,0,1,0,0,0,1,0,1,0
322,1,0,1,0,0,0,1,1,1,0,0,0
323,0,0,0,0,1,1,0,1,0,0,1,0
324,1,0,1,0,1,1,0,1,0,0,0,1
325,0,1,1,1,0,0,0,0,1,0,0,1
326,0,0,1,1,1,1,0,0,1,1,1,0
327,1,0,0,0,1,0,0,1,0,0,1,1
328,1,0,1,1,1,0,0,1,0,0,0,1
329,1,1,0,1,0,0,0,1,1,1,1,1
330,0,0,0,0,0,1,1,0,1,1,1,0
331,0,1,0,0,1,0,1,1,1,1,1,1
332,0,0,0,0,1,0,1,0,1,0,1,0
333,1,0,0,1,0,0,0,0,0,1,0,1
334,0,1,1,1,0,1,0,0,1,0,1,1
335,1,0,0,0,0,0,1,1,1,0,0,0
336,0,1,0,1,0,1,0,0,1,1,0,0
337,1,1,1,0,1,0,1,0,0,0,1,0
338,0,0,1,0,0,1,0,0,1,1,0,0
339,1,1,1,1,1,0,1,0,0,1,1,0
340,0,1,0,0,0,1,0,1,0,0,0,0
341,0,0,0,1,1,1,0,0,0,0,0,0
342,1,0,0,1,0,1,1,1,0,1,1,1
343,0,1,1,0,0,1,0,1,0,0,0,0
344,1,1,0,0,0,1,1,1,0,1,0,1
345,0,1,0,1,1,1,0,1,1,1,1,1
346,0,1,1,1,0,1,1,1,1,0,1,1
347,0,0,1,1,0,0,0,1,0,0,0,1
348,1,1,1,0,1,0,0,1,0,0,1,0
349,0,1,1,0,1,0,0,0,0,1,0,0
350,0,1,0,1,1,0,1,1,0,0,1,1
351,0,1,1,1,0,0,1,0,0,1,1,0
352,0,0,0,0,1,1,0,1,0,1,1,0
353,0,0,1,0,0,1,1,1,0,0,0,0
354,1,0,1,0,1,1,0,0,0,0,1,1
355,1,0,1,0,1,1,0,1,0,1,1,1
356,1,0,0,1,1,1,0,0,0,0,0,0
357,0,1,0,1,1,1,1,0,0,1,0,1
358,0,0,0,0,0,1,1,0,1,0,1,1
359,0,0,0,1,1,0,0,0,0,1,0,1
360,1,0,1,1,0,1,1,1,0,1,1,1
361,0,1,0,1,0,1,1,1,0,0,0,1
362,0,1,1,0,1,1,1,0,0,0,1,1
363,1,0,0,0,0,1,0,0,1,1,1,0
364,0,0,0,1,1,0,1,0,1,1,1,1
365,1,0,0,1,1,1,0,1,1,1,0,0
366,0,1,0,1,1,0,1,1,0,0,1,0
367,0,1,0,0,1,0,0,0,1,1,1,0
368,0,1,0,1,1,1,0,1,0,1,0,0
369,0,1,0,1,0,1,1,0,1,1,0,0
370,1,1,0,1,1,1,0,1,1,0,0,1
371,1,0,1,1,0,0,1,1,0,0,1,1
372,1,1,0,0,1,0,1,1,0,0,0,1
373,0,1,1,0,0,1,0,0,0,1,0,0
374,0,1,1,1,1,1,0,1,1,1,1,1
375,1,0,1,1,0,1,0,0,0,1,1,1
376,1,1,0,0,0,0,1,1,1,1,1,0
377,1,0,0,1,0,1,1,0,0,1,0,0
378,1,1,1,0,0,1,1,0,1,0,0,0
379,0,0,1,1,1,0,1,1,0,0,1,1
380,1,1,0,1,1,1,1,1,1,0,1,0
381,1,0,0,1,0,1,0,1,1,1,1,1
382,0,0,0,1,1,0,1,0,0,1,0,1
383,0,0,0,0,0,0,1,1,0,0,0,1
384,0,0,0,1,1,1,1,0,0,0,0,1
385,1,1,0,0,0,1,0,0,0,1,1,1
386,0,1,1,0,0,0,1,0,0,1,1,0
387,1,0,1,0,1,0,1,0,1,1,1,1
388,1,0,0,1,0,1,0,1,1,1,1,0
389,1,0,1,0,0,0,0,1,0,0,0,1
390,0,0,1,1,0,1,0,0,0,1,0,0
391,0,1,0,1,0,0,0,0,0,0,1,0
392,0,1,1,0,0,0,1,1,0,1,0,0
393,0,0,0,1,0,1,0,1,1,0,1,0
394,1,0,1,1,0,1,0,0,0,1,0,0
395,1,1,0,1,0,1,1,0,1,1,1,0
396,0,0,1,0,1,0,0,0,0,0,0,0
397,1,1,0,1,1,0,1,1,1,1,0,1
398,1,0,1,0,0,0,1,1,0,0,1,1
399,1,0,0,0,1,0,1,0,1,1,0,1
400,1,1,1,0,0,0,1,0,0,1,0,1
401,0,1,0,1,1,0,1,0,0,0,1,1
402,1,0,1,1,0,0,0,0,1,1,0,0
403,1,0,1,1,0,1,1,0,0,0,0,1
404,1,0,0,0,1,1,0,0,0,0,0,1
405,0,1,1,0,1,0,0,1,1,0,1,0
406,1,0,0,0,1,1,0,0,0,0,0,0
407,1,1,0,0,0,0,1,0,0,1,1,0
408,0,1,0,0,0,1,1,1,1,1,0,0
409,0,0,1,1,0,1,0,1,1,0,0,0
410,1,0,0,1,1,1,1,1,0,0,0,1
411,0,1,0,0,1,0,0,1,0,1,0,0
412,1,1,1,0,0,0,0,1,0,0,1,1
413,1,0,1,0,0,0,0,1,1,1,0,0
414,1,1,0,0,1,1,1,1,0,0,0,1
415,0,0,1,1,1,0,1,0,1,0,0,0
416,1,0,1,1,0,0,1,0,0,1,0,1
417,0,0,1,1,0,1,0,1,0,1,0,0
418,0,1,1,1,1,0,0,0,0,1,0,0
419,1,1,1,0,0,0,1,0,1,0,1,1
420,1,0,0,1,1,0,1,0,1,0,1,1
421,0,0,0,1,1,1,0,1,0,0,0,0
422,0,0,0,1,1,0,1,0,0,0,1,0
423,1,1,1,1,0,0,0,1,1,1,0,1
424,1,1,0,0,0,1,0,0,1,0,1,0
425,0,1,1,0,1,1,1,0,0,0,1,0
426,1,0,1,1,1,0,0,0,1,0,0,0
427,0,0,0,0,1,1,1,0,0,1,1,0
428,0,0,0,1,1,0,1,1,1,1,1,1
429,0,1,1,1,1,1,1,1,0,0,0,0
430,1,0,1,0,0,0,1,1,0,1,1,0
431,0,1,1,1,1,0,0,0,1,1,1,1
432,0,1,0,0,0,0,1,1,0,1,1,1
433,0,0,1,1,1,1,0,0,1,0,0,0
434,0,0,0,1,0,1,0,0,1,0,1,0
435,0,0,0,0,0,0,0,0,0,1,0,0
436,0,0,0,1,0,0,1,1,1,1,1,0
437,0,0,0,1,0,1,1,1,0,0,1,0
438,0,1,1,1,0,0,0,0,0,0,1,0
439,1,0,1,0,1,0,1,1,1,0,1,1
440,0,0,1,1,1,0,1,0,1,1,1,0
441,0,0,0,1,0,0,0,0,0,0,0,1
442,1,0,0,1,0,0,1,0,1,1,1,1
443,1,1,0,0,0,0,1,1,0,1,0,0
444,0,0,1,1,0,0,0,0,1,1,0,0
445,1,1,1,0,1,1,1,0,0,0,0,1
446,0,1,0,1,1,1,1,1,1,1,0,0
447,0,1,0,1,1,1,0,0,1,0,0,0
448,1,0,1,1,1,1,0,1,0,1,1,1
449,0,0,1,0,1,1,0,0,1,0,1,0
450,1,0,1,0,1,0,1,0,0,0,0,1
451,1,0,1,0,1,1,1,0,1,1,1,0
452,0,0,0,1,1,1,0,0,1,1,0,0
453,0,0,0,0,0,0,0,1,0,1,1,0
454,0,0,0,0,0,0,0,0,0,0,0,1
455,0,0,0,0,1,0,1,1,1,0,1,1
456,0,0,0,0,1,1,1,0,1,1,1,0
457,0,1,1,0,1,1,0,1,1,0,1,1
458,0,1,1,1,1,1,1,1,1,1,1,0
459,0,0,1,1,1,1,0,0,1,1,1,1
460,1,1,0,0,1,0,1,0,0,1,0,0
461,0,1,1,1,1,1,0,0,1,0,1,0
462,1,1,0,0,1,1,0,1,0,1,0,0
463,0,1,0,0,1,1,1,1,0,1,0,0
464,1,1,0,0,1,0,1,0,1,1,0,0
465,1,1,1,1,1,1,1,0,1,1,1,0
466,0,0,1,1,1,0,1,1,0,1,1,1
467,1,0,0,1,1,1,0,0,1,1,1,0
468,1,1,0,1,0,0,0,0,1,1,1,1
469,1,0,1,1,0,1,0,0,1,0,1,1
470,1,1,0,0,1,1,0,1,1,1,1,0
471,1,0,0,1,1,0,0,1,0,0,1,0
472,0,1,1,0,1,1,0,0,1,0,0,0
473,1,1,0,0,0,0,1,1,1,0,0,1
474,0,1,1,1,0,0,0,0,1,1,0,1
475,1,0,1,1,0,1,1,1,1,1,0,0
476,1,0,0,1,1,1,1,1,1,1,1,0
477,1,1,1,0,0,1,1,0,1,1,0,0
478,1,0,0,1,0,1,0,1,0,0,1,1
479,0,0,0,1,0,0,0,1,1,1,1,1
480,0,1,1,0,1,1,0,0,0,1,0,0
481,1,0,0,1,0,1,1,1,1,0,1,1
482,1,0,0,0,1,1,0,0,0,0,1,0
483,0,1,0,1,0,1,1,1,1,1,1,0
484,0,0,1,0,0,1,1,1,0,1,1,0
485,0,1,0,1,1,1,0,1,1,0,0,0
486,0,0,0,1,0,1,1,1,1,1,0,0
487,1,0,1,0,0,0,1,1,0,1,0,1
488,0,1,1,0,0,0,0,1,0,0,0,1
489,0,1,0,0,1,0,0,1,0,1,0,1
490,1,0,0,0,0,0,1,0,1,1,0,0
491,1,0,1,0,1,0,1,1,1,1,0,0
492,1,1,0,1,0,1,0,1,1,1,1,0
493,1,1,0,0,1,1,0,1,1,0,1,1
494,0,0,1,0,1,1,1,0,0,0,0,1
495,0,0,1,1,1,1,1,0,0,0,1,0
496,1,1,0,1,0,0,1,1,1,1,0,0
497,1,0,0,0,1,0,1,0,1,1,1,0
498,1,0,0,1,1,0,0,1,0,1,1,0
499,1,0,1,0,1,1,1,1,0,0,1,0
500,0,0,0,1,1,1,1,0,0,0,0,0
501,0,1,1,0,1,1,1,1,0,0,1,1
502,1,0,1,1,0,0,1,0,0,0,1,0
503,1,1,1,1,0,1,0,0,0,0,0,0
504,1,0,1,1,0,0,1,0,0,1,1,0
505,1,0,0,1,1,1,1,0,1,0,1,1
506,1,1,1,1,1,1,1,1,1,0,1,1
507,0,1,1,0,0,1,1,0,1,1,0,0
508,0,1,0,1,1,0,1,1,0,0,0,0
509,1,0,0,0,0,0,0,1,0,0,1,0
510,0,0,0,0,1,1,1,0,1,1,0,1
511,1,1,1,1,1,0,0,1,1,1,0,0
512,0,1,0,0,1,1,0,1,0,0,1,1
513,1,0,1,0,0,0,0,0,1,1,0,1
514,0,1,0,1,0,0,0,0,1,0,0,1
515,0,1,1,1,1,0,1,0,0,1,1,1
516,0,0,0,0,1,1,1,0,0,0,1,0
517,1,0,1,0,0,1,1,1,0,1,0,1
518,1,0,1,0,1,0,0,0,0,0,0,0
519,1,0,1,1,0,1,0,1,1,0,0,1
520,0,0,1,1,1,0,0,1,0,0,0,1
521,0,0,0,0,0,0,1,0,1,0,0,0
522,1,1,0,0,0,1,0,0,0,1,0,0
523,1,1,1,1,1,1,1,0,0,1,0,1
524,0,0,1,0,1,0,1,0,1,0,0,1
525,1,1,1,0,0,0,1,1,0,0,0,1
526,1,0,0,0,1,1,0,0,1,1,1,0
527,1,1,0,0,0,1,0,0,1,0,0,0
528,1,1,0,1,1,0,0,1,1,0,1,1
529,1,0,0,1,0,0,1,1,1,0,0,0
530,0,0,1,1,0,0,0,1,0,1,1,0
531,0,0,1,1,1,1,1,1,0,1,1,0
532,1,1,0,0,0,0,0,1,0,0,1,0
533,1,1,0,1,1,0,0,1,1,1,0,1
534,1,0,0,0,1,1,0,0,0,1,1,1
535,0,1,0,1,0,0,1,0,0,1,0,0
536,0,0,1,1,1,0,0,0,0,0,0,0
537,1,0,0,0,1,0,1,1,0,0,0,0
538,1,1,0,0,1,0,0,0,0,0,1,1
539,1,1,1,0,1,1,1,1,0,1,0,1
540,1,0,0,0,0,1,1,0,0,1,1,0
541,0,1,0,1,1,0,1,0,1,1,1,1
542,0,1,1,0,1,0,1,0,1,0,1,0
543,1,1,0,1,0,1,0,1,0,1,0,0
544,0,1,0,1,1,1,1,0,0,0,1,1
545,1,1,1,1,0,1,1,1,1,1,1,0
546,1,1,0,1,1,1,1,1,1,1,1,1
547,0,1,1,1,1,1,0,0,1,1,0,1
548,1,0,0,1,0,1,1,0,1,0,1,0
549,1,0,1,0,1,0,0,0,1,0,1,1
550,1,1,0,0,0,0,0,1,1,0,0,1
551,0,0,0,1,0,1,0,1,0,0,0,1
552,0,0,0,0,1,1,0,0,0,0,0,0
553,1,1,0,1,1,1,1,1,1,0,0,1
554,0,0,0,1,0,0,0,1,0,1,0,0
555,1,1,1,1,0,0,1,0,0,0,0,0
556,0,0,0,0,0,1,0,0,1,0,0,1
557,0,0,0,0,1,0,0,1,0,1,0,0
558,0,0,1,1,1,0,0,0,1,0,0,1
559,0,0,1,0,0,1,1,0,0,0,1,1
560,1,1,0,0,0,0,0,1,1,1,0,0
561,0,1,0,0,0,0,1,0,1,0,1,1
562,1,1,0,1,1,0,1,1,0,0,0,0
563,1,1,1,1,1,1,1,0,1,0,0,0
564,0,0,1,0,1,1,0,1,0,0,0,1
565,0,1,1,0,0,1,0,1,1,1,0,1
566,1,1,1,0,0,0,0,0,1,0,0,0
567,1,0,1,1,0,1,0,0,1,0,0,1
568,1,0,0,1,0,0,0,1,1,1,1,0
569,0,0,1,1,0,0,1,1,1,0,0,0
570,0,1,1,0,1,1,1,1,0,1,0,1
571,0,1,0,0,0,1,1,1,0,1,1,1
572,0,1,0,0,0,1,1,0,1,1,0,1
573,0,1,0,0,1,1,1,0,1,0,1,1
574,0,0,0,0,1,0,0,1,0,1,1,1
575,0,1,1,1,1,1,1,0,0,1,0,1
576,1,0,0,1,1,1,0,1,1,0,0,0
577,0,0,1,0,1,1,0,1,0,1,0,1
578,0,1,1,1,1,0,1,0,0,0,1,0
579,0,1,1,1,0,0,1,1,0,1,1,0
580,0,1,1,1,0,1,1,1,0,0,0,0
581,0,1,1,0,0,0,1,0,1,0,1,0
582,0,1,1,1,1,0,1,1,0,0,1,1
583,0,0,1,1,0,1,0,0,1,1,0,1
584,1,0,1,1,1,0,1,1,1,0,0,1
585,1,1,1,1,0,1,1,1,0,1,0,0
586,1,1,1,0,1,0,0,0,0,1,0,1
587,0,0,1,0,1,0,1,1,1,1,1,0
588,1,1,0,1,0,1,0,0,1,0,1,1
589,0,1,0,0,1,0,1,0,1,0,0,0
590,1,0,0,0,1,0,0,1,1,0,1,1
591,1,1,1,0,0,1,0,1,1,1,0,1
592,1,0,0,0,0,0,1,1,1,1,0,0
593,0,1,0,0,1,1,1,0,0,0,0,1
594,0,1,0,1,0,1,1,1,1,0,1,1
595,0,1,1,0,1,0,0,1,0,1,0,1
596,0,0,0,1,1,0,0,1,1,1,1,1
597,0,0,1,1,1,0,0,0,0,0,1,1
598,0,1,0,1,0,1,1,0,0,0,1,1
599,0,0,0,0,1,0,0,0,0,0,1,1
600,0,1,0,0,0,0,0,1,0,1,1,1
601,0,1,1,1,1,1,1,1,0,1,0,0
602,0,1,0,0,1,0,0,0,1,0,0,1
603,1,0,1,1,0,1,0,0,0,0,0,1
604,0,1,1,1,0,0,0,0,1,0,1,1
605,0,0,1,1,1,0,0,1,1,0,0,0
606,1,0,0,0,0,1,1,1,1,0,0,1
607,1,0,0,0,1,1,1,1,0,1,1,1
608,1,1,0,0,1,0,0,1,0,0,0,0
609,0,0,1,1,0,0,0,0,1,1,0,1
610,1,1,0,0,0,1,1,0,0,0,0,0
611,0,1,1,0,1,0,0,1,1,1,1,1
612,0,0,0,0,0,0,1,1,1,1,0,1
613,1,0,0,0,1,0,1,1,1,1,0,0
614,0,0,1,0,0,0,1,0,0,1,0,1
615,0,1,0,1,0,1,1,0,0,1,0,0
616,0,1,1,1,1,0,1,0,1,1,1,0
617,0,1,1,0,1,0,1,1,0,0,0,1
618,0,0,1,1,1,1,1,0,1,1,1,0
619,0,0,1,1,1,1,0,1,0,0,1,1
620,0,0,1,1,1,0,1,0,1,1,0,1
621,0,0,0,0,0,1,0,0,0,0,0,1
622,0,0,1,1,1,0,1,1,0,1,0,0
623,1,1,1,1,0,1,0,0,1,0,1,1
624,0,1,0,0,0,0,0,1,0,0,1,0
625,0,1,0,1,0,0,1,0,1,0,1,0
626,1,1,0,0,1,1,0,0,0,1,0,1
627,0,1,0,1,0,1,0,1,0,0,0,1
628,1,1,1,1,1,0,0,1,0,0,0,0
629,1,1,0,1,0,0,1,1,0,0,0,0
630,0,1,1,1,0,1,0,1,1,1,0,0
631,1,1,1,0,0,0,1,1,0,1,0,1
632,0,0,1,0,0,1,0,0,0,0,1,1
633,1,0,1,1,1,1,0,1,1,0,0,1
634,0,1,1,1,0,0,1,1,1,1,1,1
635,0,1,1,0,0,0,1,0,0,1,0,1
636,0,1,0,0,0,1,1,0,1,0,0,1
637,1,0,0,0,0,1,0,1,1,0,1,1
638,0,0,1,0,1,0,0,1,1,0,1,1
639,1,1,0,0,0,1,0,1,1,0,1,1
640,1,0,0,0,1,0,0,1,0,0,0,1
641,0,0,1,0,1,0,0,1,0,0,1,1
642,1,0,1,1,1,1,0,1,0,0,1,0
643,0,0,0,0,0,1,1,1,1,1,1,1
644,0,1,1,1,0,1,0,1,1,0,1,0
645,1,0,0,1,0,0,0,0,0,0,0,1
646,1,1,0,0,1,1,1,0,0,1,1,1
647,1,0,1,1,0,0,1,0,1,0,0,0
648,0,0,0,1,0,0,0,0,1,0,0,0
649,0,0,1,0,1,1,1,0,1,1,0,0
650,0,0,0,0,0,1,0,1,0,0,1,0
651,1,1,0,0,0,1,0,1,1,0,0,1
652,1,0,1,0,0,0,0,1,0,1,1,1
653,0,1,1,1,0,0,1,0,0,1,1,1
654,1,0,0,1,0,1,0,0,1,1,1,0
655,0,0,0,1,0,0,1,1,1,0,1,1
656,0,1,0,1,1,0,1,1,1,0,1,1
657,1,0,1,1,1,0,1,0,0,1,1,0
658,0,0,0,0,1,1,0,0,1,1,1,1
659,0,1,1,1,1,0,1,1,1,0,1,1
660,1,0,1,1,0,1,0,0,0,0,0,0
661,1,1,0,0,1,1,1,1,0,0,0,0
662,0,1,1,0,0,1,0,1,1,1,1,1
663,0,1,0,0,1,1,0,0,1,1,0,0
664,0,0,0,1,0,0,0,1,0,1,1,1
665,1,0,0,0,0,0,1,1,1,0,0,1
666,0,1,0,1,1,0,1,1,1,0,0,1
667,0,1,0,0,0,0,1,1,0,0,0,0
668,0,1,1,0,0,0,0,0,0,1,1,1
669,1,0,1,0,1,0,0,0,1,0,0,1
670,0,0,0,0,1,0,1,1,1,1,1,1
671,0,1,0,1,0,0,0,0,0,0,0,0
672,1,0,1,1,0,0,1,1,1,0,0,0
673,1,1,0,0,1,0,1,1,0,1,1,1
674,1,0,0,1,0,0,0,0,0,1,1,0
675,1,0,0,1,1,0,0,1,1,1,1,1
676,1,0,1,0,1,1,1,1,0,1,0,0
677,0,0,1,1,1,1,1,1,1,1,1,1
678,1,0,1,0,1,1,0,1,1,1,1,1
679,0,1,1,1,1,1,0,0,1,0,1,1
680,0,0,0,0,1,0,1,0,0,0,1,0
681,1,0,0,0,0,0,0,0,1,1,1,1
682,0,0,1,1,1,1,0,1,1,1,0,1
683,1,1,0,1,0,1,1,1,1,0,0,1
684,0,0,0,1,0,1,1,0,0,1,1,0
685,0,1,1,1,1,0,0,1,1,1,1,0
686,0,0,1,1,1,0,0,0,0,0,0,1
687,1,1,1,1,0,1,1,0,1,1,0,0
688,0,1,0,0,0,0,1,0,1,0,0,1
689,0,1,0,0,1,1,0,0,1,0,1,1
690,0,0,1,0,0,0,1,1,0,0,0,0
691,1,1,1,0,0,0,1,1,1,0,0,1
692,1,1,1,0,0,0,0,1,0,1,1,1
693,1,1,0,0,1,1,1,0,1,0,1,0
694,1,1,0,0,1,0,1,0,1,0,0,1
695,1,1,1,1,1,0,1,1,1,1,1,0
696,1,1,1,1,1,0,1,1,1,0,0,0
697,1,1,0,1,1,0,1,0,1,0,1,0
698,1,0,0,0,1,0,1,0,0,1,1,0
699,1,1,0,1,1,1,0,0,1,1,0,1
700,1,1,1,1,1,0,0,1,1,0,0,1
701,1,1,1,1,1,1,1,1,1,1,1,0
702,1,0,0,0,0,0,0,0,0,1,0,1
703,0,0,1,0,0,0,1,0,0,1,1,0
704,1,0,1,1,1,1,0,1,1,1,1,1
705,0,0,1,0,0,0,0,0,1,0,0,1
706,0,0,0,0,0,0,0,1,0,0,0,0
707,0,1,0,1,0,1,1,0,0,1,1,0
708,1,1,0,1,1,0,0,0,1,0,0,0
709,0,1,0,1,0,0,0,0,0,1,0,0
710,0,1,0,1,0,1,0,1,1,0,0,0
711,0,0,1,0,1,0,0,1,0,0,0,0
712,0,0,0,1,1,0,0,0,0,0,1,0
713,1,1,1,0,1,0,0,1,1,0,1,1
714,0,1,0,0,0,0,0,1,0,0,1,1
715,0,1,1,1,1,0,1,0,0,1,0,1
716,1,1,1,1,1,1,1,0,0,0,0,0
717,0,0,0,1,0,0,1,0,0,0,0,0
718,1,0,1,0,0,1,1,0,0,1,1,0
719,1,1,1,0,1,1,0,0,0,1,1,1
720,1,1,0,0,1,0,0,1,1,1,1,1
721,0,0,1,0,0,0,0,0,0,1,0,1
722,1,1,1,0,0,0,1,1,0,0,1,0
723,1,1,1,0,1,0,1,1,1,0,0,1
724,0,1,0,0,0,0,1,0,0,0,1,0
725,0,0,0,0,0,1,0,0,0,1,1,1
726,1,0,0,1,1,0,1,1,1,0,1,1
727,0,0,1,1,1,1,0,0,0,0,0,0
728,0,0,1,1,0,1,0,1,0,1,1,0
729,0,0,0,0,1,0,0,0,0,1,0,0
730,0,1,0,0,0,1,0,0,0,0,0,1
731,0,1,1,1,1,0,0,1,1,1,0,0
732,0,1,0,1,0,1,1,0,0,1,0,1
733,1,0,0,0,0,1,0,1,1,1,0,1
734,0,1,1,0,1,0,1,0,1,1,1,1
735,0,0,0,1,0,1,0,0,0,1,1,1
736,1,0,1,0,0,1,1,0,0,1,0,0
737,0,0,0,0,0,0,1,0,0,1,1,0
738,1,1,0,1,0,1,0,0,1,1,1,0
739,1,0,0,1,0,0,1,0,0,0,1,1
740,1,0,1,1,0,1,0,0,0,1,1,0
741,0,1,1,0,1,0,1,1,0,0,1,1
742,1,1,1,0,1,0,0,0,1,0,0,0
743,0,1,1,1,1,0,0,0,0,1,1,1
744,1,0,1,0,0,0,0,1,0,1,0,1
745,0,1,1,0,0,1,1,1,1,1,0,0
746,0,1,0,1,1,0,0,0,0,0,1,1
747,0,1,1,0,1,0,0,0,1,1,1,0
748,0,0,1,0,1,0,0,1,0,1,0,0
749,1,0,0,1,1,1,1,1,1,0,0,1
750,0,1,0,0,1,1,1,0,1,0,1,0
751,1,1,1,1,1,0,1,1,1,0,1,0
752,0,0,0,1,0,1,0,1,0,0,1,0
753,1,0,0,0,1,0,0,0,0,1,1,1
754,1,0,1,0,1,1,1,1,0,0,0,1
755,0,1,0,1,1,0,1,1,0,1,1,1
756,1,1,1,0,0,1,0,0,1,0,1,0
757,1,1,1,0,1,0,1,1,0,1,0,0
758,1,0,1,0,1,0,0,0,0,1,0,0
759,1,1,0,0,1,0,1,1,0,1,0,0
760,1,1,0,1,0,0,1,1,0,0,0,1
761,1,0,0,0,1,1,0,1,0,1,0,0
762,1,0,0,1,0,1,1,0,1,1,0,1
763,0,1,1,0,1,0,0,0,0,0,1,0
764,1,1,1,1,0,0,0,0,0,0,1,0
765,1,0,1,1,1,0,1,1,0,1,1,1
766,1,1,0,0,0,1,1,1,0,1,1,0
767,0,0,0,0,0,1,1,1,1,0,1,1
768,0,0,1,1,0,0,0,1,1,1,0,0
769,1,0,1,0,1,1,1,0,0,1,1,0
770,1,0,1,0,1,1,0,1,0,1,0,1
771,1,1,1,1,0,1,1,1,0,1,1,0
772,1,1,1,0,1,1,1,0,1,0,0,0
773,0,1,0,1,1,0,0,1,0,0,0,1
774,0,0,1,0,0,0,1,0,1,1,1,1
775,1,0,1,0,0,0,0,0,0,1,0,1
776,1,0,0,1,1,0,0,0,0,0,1,0
777,1,0,0,1,1,1,0,1,1,1,1,1
778,1,1,0,1,1,0,1,0,0,1,0,0
779,1,1,1,1,0,0,1,0,0,1,1,1
780,1,1,0,1,0,0,0,1,0,0,0,0
781,1,0,0,0,0,1,1,1,1,1,1,0
782,0,1,0,1,1,1,0,0,1,0,1,1
783,0,1,1,0,0,1,0,0,1,1,1,0
784,1,1,0,0,1,1,1,0,0,1,0,0
785,0,0,1,0,0,1,1,0,0,1,1,1
786,1,0,0,1,0,0,1,0,1,0,1,1
787,1,1,0,0,0,0,0,0,0,1,1,1
788,1,0,0,0,1,0,0,0,1,1,0,1
789,0,1,0,1,0,1,1,1,0,0,1,1
790,0,0,1,0,1,0,0,1,0,1,0,1
791,1,1,1,1,1,1,1,1,0,0,1,1
792,0,0,1,1,1,1,1,1,1,1,1,0
793,0,1,1,0,1,0,1,1,0,0,0,0
794,1,1,1,1,1,1,1,0,0,1,1,0
795,0,0,0,0,0,1,0,1,0,0,1,1
796,1,1,1,0,1,1,1,0,0,1,1,1
797,0,0,1,1,1,1,0,0,0,0,1,0
798,1,1,1,1,0,1,1,1,1,0,1,1
799,0,1,1,1,0,1,0,1,0,0,1,1
800,1,1,0,0,0,0,1,1,0,1,1,1
801,0,0,0,0,1,0,1,0,0,1,0,0
802,1,1,0,0,0,1,0,0,0,1,0,1
803,1,0,0,1,1,1,0,1,0,1,1,0
804,1,0,0,0,1,0,0,0,1,1,0,0
805,0,1,1,0,1,1,1,1,1,1,1,0
806,1,0,1,1,1,1,0,0,1,0,0,0
807,0,0,0,0,1,0,0,0,1,1,0,0
808,1,0,1,0,1,0,0,0,1,1,0,1
809,0,1,0,0,1,1,1,1,0,1,0,1
810,1,0,0,0,0,1,1,0,0,0,1,0
811,0,1,0,0,0,1,0,0,1,1,1,0
812,0,1,0,1,0,1,1,0,0,1,1,1
813,1,1,1,0,1,1,1,1,1,1,1,1
814,0,0,0,0,1,0,1,1,1,1,0,0
815,1,1,0,1,0,0,1,0,1,1,0,0
816,0,1,1,1,1,1,1,0,1,1,0,0
817,1,0,0,1,0,0,0,1,1,0,0,0
818,1,1,0,1,1,0,0,0,0,0,1,1
819,1,1,1,1,0,0,1,1,0,0,0,0
820,1,1,1,1,0,0,0,0,1,1,1,1
821,0,0,0,1,0,1,1,1,1,0,1,0
822,1,1,1,1,1,0,1,1,0,1,1,0
823,1,1,0,1,0,1,1,1,0,0,0,1
824,1,0,1,1,1,0,0,0,0,0,1,0
825,0,1,0,0,0,0,0,1,0,0,0,1
826,1,0,0,1,1,1,1,0,0,1,0,0
827,0,0,0,0,0,0,0,1,0,0,0,1
828,0,1,0,1,1,1,1,0,0,1,0,0
829,0,1,1,1,0,0,0,0,1,0,1,0
830,1,1,1,0,1,1,1,0,1,1,0,0
831,1,1,1,1,0,1,0,0,1,1,0,0
832,1,1,1,0,1,1,1,1,0,0,0,0
833,1,0,1,1,0,0,0,1,1,0,1,1
834,0,0,0,1,1,0,0,0,1,1,1,1
835,0,1,1,1,1,0,0,1,0,1,1,1
836,0,0,0,1,1,1,1,0,1,0,1,0
837,0,0,1,1,1,0,0,0,1,1,0,1
838,0,1,0,0,1,0,0,0,1,0,1,1
839,0,0,0,1,0,0,0,1,0,1,0,1
840,1,0,1,0,0,1,0,0,1,1,0,1
841,0,0,1,0,0,1,0,1,0,1,1,0
842,0,1,1,1,0,0,1,1,0,0,1,0
843,0,1,0,1,1,1,1,0,0,1,1,1
844,1,0,0,0,1,0,1,1,1,1,1,1
845,0,1,1,0,1,0,0,0,1,1,1,1
846,0,0,0,0,1,0,0,1,0,0,0,1
847,1,1,1,0,0,0,0,0,0,0,0,0
848,1,1,1,1,0,0,1,1,0,1,1,1
849,1,0,0,1,0,1,0,0,0,1,0,1
850,1,0,1,0,0,1,0,0,0,1,1,1
851,1,0,1,0,0,1,0,0,0,0,0,1
852,1,0,1,1,0,0,0,0,1,1,1,1
853,0,0,0,1,0,0,1,0,1,0,1,0
854,1,1,1,1,0,0,0,0,0,0,0,1
855,1,1,1,1,0,0,1,0,1,1,1,0
856,1,1,0,1,0,0,1,0,1,1,1,0
857,0,0,1,0,1,1,0,1,1,0,1,0
858,0,0,0,0,1,0,0,0,1,1,0,1
859,1,0,1,1,0,0,0,0,0,1,0,0
860,0,1,0,1,0,0,0,0,0,1,0,1
861,0,1,0,0,1,0,0,0,0,0,1,1
862,0,0,0,0,1,0,1,0,0,1,0,1
863,1,1,0,1,0,0,1,1,1,1,1,1
864,0,0,1,0,1,1,1,0,1,1,1,0
865,0,1,1,0,0,0,1,0,0,0,1,0
866,0,0,0,1,1,1,1,0,0,1,0,1
867,0,1,0,1,1,1,1,1,0,1,0,0
868,1,0,0,0,1,0,1,1,0,1,1,0
869,0,0,0,1,1,1,0,1,0,0,0,1
870,0,0,0,0,1,1,1,0,0,0,0,0
871,1,1,0,0,1,0,0,0,0,1,0,0
872,1,0,0,1,1,1,0,0,1,1,0,1
873,0,1,0,0,1,1,1,1,1,1,1,0
874,0,0,0,0,1,0,1,0,0,0,0,0
875,0,0,1,0,0,1,0,0,1,0,1,0
876,1,1,0,1,0,1,1,0,0,1,1,1
877,0,1,1,1,0,0,1,0,1,0,0,1
878,0,0,1,0,1,1,0,0,1,1,1,0
879,1,1,1,0,1,0,0,0,0,0,0,0
880,0,1,0,0,1,1,0,0,1,0,0,0
881,0,0,1,0,0,0,0,1,0,0,1,1
882,0,1,0,0,0,1,0,1,1,0,0,0
883,0,1,0,0,1,0,1,0,0,1,1,0
884,1,0,0,0,1,0,0,0,0,0,0,0
885,1,0,0,0,1,0,1,0,1,1,0,0
886,1,0,1,0,1,1,1,1,1,0,0,1
887,0,1,0,0,0,1,0,0,1,1,0,1
888,1,1,0,1,1,1,1,1,0,1,0,0
889,1,1,0,0,0,0,0,0,0,0,0,0
890,0,0,1,1,0,0,0,0,0,1,1,0
891,0,0,0,1,1,1,1,1,0,0,1,0
892,0,0,0,1,0,0,0,1,1,0,1,1
893,0,0,1,1,0,0,0,0,1,0,0,0
894,0,1,1,0,0,0,0,0,0,0,1,0
895,0,0,1,1,0,1,1,0,0,0,0,0
896,1,1,1,1,0,1,0,0,0,1,1,1
897,1,0,1,1,1,0,0,0,1,1,0,0
898,1,0,0,0,1,1,1,0,1,1,1,1
899,0,1,0,0,0,1,0,1,0,0,1,1
900,1,1,0,0,1,0,0,1,1,1,1,0
901,1,1,1,0,1,0,1,0,1,1,1,0
902,0,1,1,0,1,1,0,1,0,1,0,1
903,1,0,0,1,1,0,0,0,1,1,1,0
904,1,1,0,0,0,0,1,0,1,1,1,0
905,1,0,1,1,1,1,1,1,1,0,0,1
906,1,0,1,1,1,0,1,1,0,0,1,1
907,0,0,0,1,0,0,0,0,1,1,1,1
908,0,0,1,1,0,1,1,1,0,0,1,1
909,0,1,1,1,1,1,1,0,0,0,1,1
910,1,0,0,0,0,1,1,0,0,0,0,1
911,1,0,1,1,0,0,0,0,1,0,1,0
912,0,1,0,0,1,0,1,1,0,1,1,0
913,1,1,0,1,1,0,0,1,0,0,0,0
914,1,1,0,0,0,0,1,1,0,0,0,1
915,1,0,0,0,0,1,1,0,0,0,0,0
916,1,1,0,1,1,1,0,1,0,0,0,1
917,0,0,0,1,0,1,1,0,0,1,1,1
918,1,0,0,1,1,0,1,0,0,0,1,0
919,1,1,1,1,0,0,0,0,1,0,0,1
920,1,1,1,0,0,1,0,1,0,1,0,0
921,0,0,1,1,1,1,1,0,1,0,0,1
922,1,0,1,0,0,0,0,1,0,1,1,0
923,0,0,0,0,0,1,1,1,0,0,1,1
924,1,1,0,1,1,1,1,0,1,1,0,1
925,0,1,0,1,0,0,0,0,0,1,1,1
926,1,1,0,1,0,0,1,1,1,0,1,1
927,1,1,1,0,0,0,0,1,1,1,0,1
928,1,1,0,0,1,1,0,0,1,0,0,1
929,1,1,0,1,1,1,1,0,1,0,0,0
930,0,1,0,0,1,0,1,0,0,1,0,0
931,0,0,0,0,1,1,1,1,1,0,1,0
932,0,1,0,1,0,1,0,0,1,0,0,0
933,1,0,1,1,1,0,0,1,1,0,0,1
934,1,0,0,0,0,0,0,1,1,0,0,1
935,1,1,1,0,1,0,0,0,1,0,1,1
936,0,0,0,0,0,0,1,0,0,0,0,1
937,1,1,1,1,1,0,0,1,0,1,0,0
938,1,0,0,1,0,1,0,0,1,1,0,1
939,0,1,0,1,1,0,0,1,1,0,1,0
940,0,0,0,1,1,0,0,1,0,1,1,0
941,1,1,1,0,0,0,0,0,1,1,1,0
942,1,1,1,1,1,1,1,0,0,0,0,1
943,1,0,1,1,1,1,1,0,0,0,1,1
944,1,1,1,1,0,1,1,0,0,0,1,1
945,0,1,1,1,0,0,0,0,0,0,1,1
946,1,1,0,1,1,1,1,1,1,0,0,0
947,0,1,1,1,1,1,1,1,0,1,1,0
948,0,1,0,0,1,0,1,1,0,1,1,1
949,1,0,1,0,0,1,0,0,0,1,1,0
950,0,1,1,1,1,1,0,0,0,1,0,0
951,1,0,0,1,1,1,1,0,0,0,1,1
952,1,0,1,1,0,1,1,0,0,1,0,1
953,0,0,0,0,0,0,1,0,1,1,1,1
954,0,0,1,1,0,1,0,1,0,0,0,0
955,0,0,0,0,1,0,0,0,0,0,0,1
956,0,0,0,0,0,1,1,1,0,1,0,1
957,0,0,1,0,1,1,0,0,0,0,1,0
958,0,0,0,0,1,1,0,0,0,1,1,1
959,0,0,1,0,1,1,0,0,1,1,1,1
960,1,0,1,1,0,1,0,1,1,1,1,0
961,1,0,0,1,0,0,1,1,0,0,0,1
962,1,1,0,0,0,0,0,1,1,0,1,1
963,0,1,0,0,1,0,0,1,1,1,0,0
964,0,1,1,1,0,0,1,1,0,1,0,1
965,0,0,0,0,1,1,1,1,0,1,0,0
966,0,1,0,0,0,0,1,1,0,0,0,1
967,1,0,0,0,1,0,1,1,1,0,0,1
968,0,0,1,1,0,1,0,0,1,1,1,1
969,1,0,1,1,0,1,1,0,0,1,0,0
970,0,1,0,0,0,1,1,1,1,0,0,1
971,1,1,1,1,1,0,0,1,1,0,1,0
972,1,0,0,0,0,1,1,0,0,0,1,1
973,1,0,1,0,1,1,0,0,1,0,0,0
974,1,0,0,1,1,0,1,1,1,1,1,1
975,1,0,0,1,0,1,0,0,1,0,1,0
976,0,1,1,1,1,0,1,0,1,1,1,1
977,0,0,1,1,0,1,0,1,1,0,0,1
978,0,0,0,1,0,1,0,0,0,0,0,1
979,0,0,1,0,1,0,1,1,1,0,0,0
980,0,1,0,1,0,0,1,1,0,1,1,1
981,1,0,1,1,1,1,1,1,0,1,0,0
982,0,0,1,1,1,0,1,1,1,0,1,1
983,1,0,1,1,0,0,0,0,0,1,1,0
984,1,0,1,0,1,1,0,0,1,0,0,1
985,1,0,0,0,1,1,0,1,1,0,0,0
986,1,0,0,1,0,0,1,1,1,1,0,0
987,1,1,1,1,1,0,1,1,0,0,0,0
988,0,0,0,0,0,1,1,0,0,0,1,0
989,0,0,0,1,0,1,1,0,0,0,0,0
990,1,1,0,0,0,0,1,0,0,0,0,1
991,0,1,1,0,0,0,0,1,1,0,1,0
992,1,1,0,0,0,0,0,1,0,1,1,1
993,1,1,1,1,1,1,0,0,1,0,1,0
994,0,0,1,1,1,1,1,0,0,0,0,1
995,1,1,1,0,1,1,1,1,0,1,0,0
996,1,0,0,1,1,0,0,1,0,0,1,1
997,1,1,1,0,1,0,1,1,0,0,0,0
998,1,1,0,1,1,1,0,1,0,0,0,0
999,1,0,0,0,1,0,0,1,1,1,1,0
1000,1,1,0,0,1,1,1,0,0,1,1,0